{
  "version": 2,
  "root": {
    "ref": "1",
    "type": "pallet#0"
  },
  "objects": {
    "1": {
      "barcode": "Jokiller230.WuhuIsland",
      "title": "WuhuIsland",
      "description": "Experience the infamous Wuhu Island in VR :3",
      "unlockable": false,
      "redacted": false,
      "author": "Jokiller230",
      "version": "2.3.0",
      "sdkVersion": "1.1.0",
      "internal": false,
      "crates": [
        {
          "ref": "2",
          "type": "crate-level#0"
        }
      ],
      "dataCards": [
        {
          "ref": "3",
          "type": "datacard-monodisc#0"
        }
      ],
      "tags": [],
      "changelogs": [
        {
          "version": "2.0.0",
          "title": "Initial release",
          "text": "- add wuhu island level crate"
        },
        {
          "version": "2.1.0",
          "title": "Sound and Lighting",
          "text": "- bake lights\n- bake navmesh\n- add main theme mono disc"
        },
        {
          "version": "2.1.1",
          "title": "Moar models",
          "text": "- re-baked lights\n- re-baked navmesh\n- updated WS2_common_island prefab with more models\n- add new GradientVertexColour shader"
        },
        {
          "version": "2.1.2",
          "title": "Lit lighting fr",
          "text": "- re-baked lights\n- added 2 head and 2 rear lights to WS2_common_car for testing purposes"
        },
        {
          "version": "2.2.0",
          "title": "Terrain go brrrrr",
          "text": "- re-baked lights\n- re-baked navmesh for humanoid entities\n- added the main grass and cliff terrain pieces\n- added wedge island terrain"
        },
        {
          "version": "2.3.0",
          "title": "Water go brrrrrr",
          "text": "- re-baked lights\n- added WS2_common_sea component\n- testing the litMas shader from atlas_96 on discord"
        }
      ],
      "isa": {
        "type": "pallet#0"
      }
    },
    "2": {
      "barcode": "Jokiller230.WuhuIsland.Level.WuhuIsland",
      "title": "Wuhu Island",
      "description": "",
      "unlockable": false,
      "redacted": false,
      "packedAssets": [],
      "mainAsset": "ec595bdc69068b0448f3794172046e52",
      "tags": [],
      "multiscene": false,
      "isa": {
        "type": "crate-level#0"
      }
    },
    "3": {
      "barcode": "Jokiller230.WuhuIsland.MonoDisc.WS2titlescreen",
      "title": "WS2_title_screen",
      "description": "The Wii Sports Resort title screen theme.",
      "unlockable": false,
      "redacted": false,
      "packedAssets": [
        {
          "title": "AudioClip",
          "guid": "ec3307f4e53e8fd408a73cbe4500b6e0"
        }
      ],
      "dataCardAsset": "4310ad8852f03a542967f892c7abc454",
      "isa": {
        "type": "datacard-monodisc#0"
      }
    }
  }
}